CREATE DATABASE islandstay;
USE islandstay;
CREATE TABLE guests (
id INT PRIMARY KEY,
name VARCHAR(100),
email VARCHAR(100)
);
CREATE TABLE rooms (
id INT PRIMARY KEY,
name VARCHAR(100),
price DOUBLE
);
CREATE TABLE bookings (
id INT PRIMARY KEY,
userId INT,
roomId INT
);

INSERT INTO rooms (id, name, price) VALUES
(1, 'The City View Room', 165),
(2, 'The Sea View Room', 125),
(3, 'The Ocean View Room', 200),
(4, 'The Street View Room', 45),
(5, 'The Garden View Room', 85),
(6, 'The Mountain View Room', 155),
(10, 'The Terrace View Room', 125),
(11, 'The Mountain View Room', 225),
(13, 'The Garden View Room', 135),
(14, 'The Mountain View Room', 165),
(15, 'The Ocean View Room - Deluxe', 245.00),
(16, 'The Sea View Room - Suite', 185.50),
(17, 'The City View Room - Standard', 140.00),
(18, 'The Garden View Room - Eco', 95.00),
(19, 'The Street View Room - Budget', 40.00),
(20, 'The Mountain View Room - Apex', 210.00),
(21, 'The Terrace View Room - Premier', 190.00),
(22, 'The Ocean View Room - Penthouse', 450.00),
(23, 'The Sea View Room - Standard', 115.00),
(24, 'The City View Room - Executive', 220.00),
(25, 'The Garden View Room - Deluxe', 125.00),
(26, 'The Mountain View Room - Cabin', 135.00),
(27, 'The Street View Room - Compact', 35.00),
(28, 'The Terrace View Room - Sunset', 175.00),
(29, 'The Ocean View Room - Family', 310.00),
(30, 'The Sea View Room - Family', 260.00),
(31, 'The City View Room - Loft', 155.00),
(32, 'The Garden View Room - Private', 145.00),
(33, 'The Mountain View Room - Vista', 180.00),
(34, 'The Terrace View Room - Open Air', 205.00),
(35, 'The Ocean View Room - Grand', 380.00),
(36, 'The Sea View Room - Classic', 130.00),
(37, 'The City View Room - Studio', 110.00),
(38, 'The Garden View Room - Floral', 100.00),
(39, 'The Street View Room - Urban', 55.00),
(40, 'The Mountain View Room - Summit', 240.00),
(41, 'The Terrace View Room - Horizon', 215.00),
(42, 'The Ocean View Room - Blue', 230.00),
(43, 'The Sea View Room - Shoreline', 140.00),
(44, 'The City View Room - Plaza', 160.00),
(45, 'The Garden View Room - Zen', 115.00),
(46, 'The Street View Room - Central', 65.00),
(47, 'The Mountain View Room - Ridge', 175.00),
(48, 'The Terrace View Room - Sky', 250.00),
(49, 'The Ocean View Room - Reef', 275.00),
(50, 'The Sea View Room - Marina', 195.00),
(51, 'The City View Room - Metro', 145.00),
(52, 'The Garden View Room - Oasis', 120.00),
(53, 'The Street View Room - Vibe', 50.00),
(54, 'The Mountain View Room - Peak', 265.00),
(55, 'The Terrace View Room - Cloud', 235.00),
(56, 'The Ocean View Room - Coral', 290.00),
(57, 'The Sea View Room - Bay', 165.00),
(58, 'The City View Room - Skyline', 200.00),
(59, 'The Garden View Room - Botanical', 110.00),
(60, 'The Street View Room - Avenue', 60.00),
(61, 'The Mountain View Room - Trail', 150.00),
(62, 'The Terrace View Room - Breeze', 185.00),
(63, 'The Ocean View Room - Tide', 215.00),
(64, 'The Sea View Room - Pier', 135.00),
(65, 'The City View Room - District', 150.00),
(66, 'The Garden View Room - Secret', 130.00),
(67, 'The Street View Room - Corner', 45.00),
(68, 'The Mountain View Room - Forest', 160.00),
(69, 'The Terrace View Room - Moon', 220.00),
(70, 'The Ocean View Room - Island', 320.00),
(71, 'The Sea View Room - Shell', 145.00),
(72, 'The City View Room - Tower', 240.00),
(73, 'The Garden View Room - Hedge', 90.00),
(74, 'The Street View Room - Alley', 40.00),
(75, 'The Mountain View Room - High', 280.00),
(76, 'The Terrace View Room - Star', 260.00),
(77, 'The Ocean View Room - Deep', 295.00),
(78, 'The Sea View Room - Wave', 170.00),
(79, 'The City View Room - Park', 135.00),
(80, 'The Garden View Room - Lawn', 105.00),
(81, 'The Street View Room - Way', 55.00),
(82, 'The Mountain View Room - Slope', 190.00),
(83, 'The Terrace View Room - Top', 270.00),
(84, 'The Ocean View Room - Aqua', 340.00),
(85, 'The Sea View Room - Sand', 155.00),
(86, 'The City View Room - Hub', 125.00),
(87, 'The Garden View Room - Patio', 115.00),
(88, 'The Street View Room - Lane', 65.00),
(89, 'The Mountain View Room - Cliff', 230.00),
(90, 'The Terrace View Room - Glow', 200.00),
(91, 'The Ocean View Room - Pearl', 350.00),
(92, 'The Sea View Room - Drift', 160.00),
(93, 'The City View Room - Center', 180.00),
(94, 'The Garden View Room - Grove', 140.00),
(95, 'The Street View Room - Road', 70.00),
(96, 'The Mountain View Room - Range', 195.00),
(97, 'The Terrace View Room - Vista', 210.00),
(98, 'The Ocean View Room - Shell', 285.00),
(99, 'The Sea View Room - Cove', 175.00),
(100, 'The City View Room - View', 190.00),
(101, 'The Garden View Room - Final', 150.00);

INSERT INTO guests (id, name, email) 
VALUES(1, 'Emilyn', 'emilyn@email.com'),
(2, 'Cynthia', 'cynthia@email.com'),
(3, 'Benny', 'benny@email.com'),
(4, 'Samuel', 'samuel@email.com'),
(5, 'Romona', 'romona@email.com'),
(6, 'Ayesha', 'ayesha@email.com'),
(7, 'Victoria', 'victoria@email.com'),
(8, 'Angel', 'angel@email.com'),
(9, 'Tina', 'tina@email.com'),
(10, 'Rubella', 'rubella@email.com'),
(11, 'Jessica', 'jessica@email.com'),
(12, 'Jude', 'jude@email.com'),
(13, 'Sajan', 'sajan@email.com'),
(14, 'Beatrice', 'beatrice@email.com'),
(15, 'Eva', 'eva@email.com'),
(16, 'Olivia', 'olivia@email.com'),
(17, 'Sophie', 'sophie@email.com'),
(18, 'Joshua', 'joshua@email.com'),
(19, 'Eugene', 'eugene@email.com'),
(20, 'Jehoshiba', 'jehoshiba@email.com'),
(21, 'Kushi', 'kushi@email.com'),
(22, 'Shalom', 'shalom@email.com'),
(23, 'Andrew', 'andrew@email.com'),
(24, 'Amelia', 'amelia@email.com'),
(25, 'Joel', 'joel@email.com'),
(26, 'Jane', 'jane@email.com'),
(27, 'David', 'david@email.com'),
(28, 'Jonathan', 'jonathan@email.com'),
(29, 'William', 'william@email.com'),
(30, 'Abryan', 'abryan@email.com'),
(31, 'Alexander', 'alexander@email.com'),
(32, 'Alex', 'alex@email.com'),
(33, 'Reena', 'reena@email.com'),
(34, 'Elizabeth', 'elizabeth@email.com'),
(35, 'Daniel', 'daniel@email.com'),
(36, 'Emily', 'emily@email.com'),
(37, 'Rachel', 'rachel@email.com'),
(38, 'Rebecca', 'rebecca@email.com'),
(39, 'Sebastian', 'sebastian@email.com'),
(40, 'Rita', 'rita@email.com'),
(41, 'Fiona', 'fiona@email.com'),
(42, 'Amanda', 'amanda@email.com'),
(43, 'Ramya', 'ramya@email.com'),
(44, 'Ankitha', 'ankitha@email.com'),
(45, 'Aniketa', 'aniketa@email.com'),
(46, 'Rony', 'rony@email.com'),
(47, 'Ghoshi', 'ghoshi@email.com'),
(48, 'Shaj', 'shaj@email.com'),
(49, 'Pohor', 'pohor@email.com'),
(50, 'Usha', 'usha@email.com'),
(51, 'Stella', 'stella@email.com'),
(52, 'Fatima Raaina', 'fatimaraaina@email.com'),
(53, 'Sharon', 'sharon@email.com'),
(54, 'Roshni', 'roshni@email.com'),
(55, 'Darryl', 'darryl@email.com'),
(56, 'Deborah', 'deborah@email.com'),
(57, 'Esther', 'esther@email.com'),
(58, 'Jessy', 'jessy@email.com'),
(59, 'Danny', 'danny@email.com'),
(60, 'Michael', 'michael@email.com'),
(61, 'Cyril', 'cyril@email.com'),
(62, 'Muskan', 'muskan@email.com'),
(63, 'Cyprus', 'cyprus@email.com'),
(64, 'Ziona', 'ziona@email.com'),
(65, 'Jackson', 'jackson@email.com'),
(66, 'Zenia', 'zenia@email.com'),
(67, 'Silva', 'silva@email.com'),
(68, 'Mehak', 'mehak@email.com'),
(69, 'Zakkiyah', 'zakkiyah@email.com'),
(70, 'Zunairah', 'zunairah@email.com'),
(71, 'Caspian', 'caspian@email.com'),
(72, 'Balagopal', 'balagopal@email.com'),
(73, 'Deb', 'deb@email.com'),
(74, 'Vinitha', 'vinitha@email.com'),
(75, 'Allan', 'allan@email.com'),
(76, 'Paul', 'paul@email.com'),
(77, 'Veena', 'veena@email.com'),
(78, 'Hannah', 'hannah@email.com'),
(79, 'John', 'john@email.com'),
(80, 'Nicolas', 'nicolas@email.com'),
(81, 'Immanuel', 'immanuel@email.com'),
(82, 'Ben', 'ben@email.com'),
(83, 'Ken', 'ken@email.com'),
(84, 'Swaroop', 'swaroop@email.com'),
(85, 'Mini', 'mini@email.com'),
(86, 'Jiji', 'jiji@email.com'),
(87, 'Kanaga', 'kanaga@email.com'),
(88, 'Anil', 'anil@email.com'),
(89, 'Sonia', 'sonia@email.com'),
(90, 'Diana', 'diana@email.com'),
(91, 'Mary', 'mary@email.com'),
(92, 'Mariam', 'mariam@email.com'),
(93, 'Neethu', 'neethu@email.com'),
(94, 'Beethu', 'beethu@email.com'),
(95, 'Deandra', 'deandra@email.com'),
(96, 'Jeremiah', 'jeremiah@email.com'),
(97, 'Jino', 'jino@email.com'),
(98, 'Emilyn', 'emilyn@email.com'),
(99, 'Guilda', 'guilda@email.com'),
(100, 'Zunairah', 'zunairah@email.com'),
(101, 'Zakkiya', 'zakkiya@email.com');

INSERT INTO bookings (id, userId, roomId) 
VALUES(1, 1, 1),
(2, 2, 2),
(3, 3, 3),
(4, 4, 4),
(5, 5, 5),
(6, 6, 1),
(7, 7, 2),
(8, 8, 3),
(9, 9, 4),
(10, 10, 5),
(11, 11, 1),
(12, 12, 2),
(13, 13, 3),
(14, 14, 4),
(15, 15, 5),
(16, 16, 1),
(17, 17, 2),
(18, 18, 3),
(19, 19, 4),
(20, 20, 5),
(21, 21, 1),
(22, 22, 2),
(23, 23, 3),
(24, 24, 4),
(25, 25, 5),
(26, 26, 1),
(27, 27, 2),
(28, 28, 3),
(29, 29, 4),
(30, 30, 5),
(31, 31, 1),
(32, 32, 2),
(33, 33, 3),
(34, 34, 4),
(35, 35, 5),
(36, 36, 1),
(37, 37, 2),
(38, 38, 3),
(39, 39, 4),
(40, 40, 5),
(41, 41, 1),
(42, 42, 2),
(43, 43, 3),
(44, 44, 4),
(45, 45, 5),
(46, 46, 1),
(47, 47, 2),
(48, 48, 3),
(49, 49, 4),
(50, 50, 5),
(51, 51, 1),
(52, 52, 2),
(53, 53, 3),
(54, 54, 4),
(55, 55, 5),
(56, 56, 1),
(57, 57, 2),
(58, 58, 3),
(59, 59, 4),
(60, 60, 5),
(61, 61, 1),
(62, 62, 2),
(63, 63, 3),
(64, 64, 4),
(65, 65, 5),
(66, 66, 1),
(67, 67, 2),
(68, 68, 3),
(69, 69, 4),
(70, 70, 5),
(71, 71, 1),
(72, 72, 2),
(73, 73, 3),
(74, 74, 4),
(75, 75, 5),
(76, 76, 1),
(77, 77, 2),
(78, 78, 3),
(79, 79, 4),
(80, 80, 5),
(81, 81, 1),
(82, 82, 2),
(83, 83, 3),
(84, 84, 4),
(85, 85, 5),
(86, 86, 1),
(87, 87, 2),
(88, 88, 3),
(89, 89, 4),
(90, 90, 5),
(91, 91, 1),
(92, 92, 2),
(93, 93, 3),
(94, 94, 4),
(95, 95, 5),
(96, 96, 1),
(97, 97, 2),
(98, 98, 3),
(99, 99, 4),
(100, 100, 5);

SELECT * From guests;
SELECT * From rooms;
SELECT * From bookings;

UPDATE guests 
SET name = 'Updated Name-Emilyn' 
WHERE id = 1;

DELETE FROM guests 
WHERE id = 5;

SELECT * FROM rooms 
WHERE price > 100;

SELECT roomId, COUNT(*) AS total_bookings 
FROM bookings 
GROUP BY roomId;

SELECT guests.name, rooms.name AS room_name
FROM bookings
INNER JOIN guests ON bookings.userId = guests.id
INNER JOIN rooms ON bookings.roomId = rooms.id;

SELECT AVG(price) AS average_price FROM rooms;